model,fpga_par_speedup_over_pyg_cpu,fpga_par_speedup_over_pyg_gpu,fpga_par_speedup_over_cpp_cpu
gcn,6.462581049454705,7.655329573053091,3.035103802160323
gin,5.814888831260699,6.075822525400412,4.23861953980473
pna,6.4762730271798175,6.703118296833697,22.140412947264267
sage,6.582574606826663,7.161143955741047,8.836877811069023
geomean,6.326552111739715,6.873961019536756,7.083055387067392
