model,cpp_cpu,fpga_base,fpga_par,pyg_cpu,pyg_gpu
gcn,1.4182936,5.068635624000001,0.735677586,2.9993266140980603,3.6726745397651954
gin,1.4944392,5.707713906,0.7265407319999999,2.037156080435802,2.220595486151806
pna,25.889940000000003,74.06613838799998,2.4937937100000003,7.834972480103327,8.063217779786742
sage,2.785494,8.97200235,0.625812228,2.062572596932506,2.4174855658166967
