runtime_type,FPGA-Base,FPGA-Base,FPGA-Base,FPGA-Base,FPGA-Parallel,FPGA-Parallel,FPGA-Parallel,FPGA-Parallel
resource,BRAM,DSP,FF,LUT,BRAM,DSP,FF,LUT
model,,,,,,,,
GCN,0.22182539682539684,0.009840425531914894,0.049211156111929305,0.10853537677957781,0.4874503968253968,0.06179078014184397,0.02731283750613648,0.11229304737358861
GIN,0.2446428571428571,0.004122340425531915,0.022673355424644083,0.048408505154639174,0.8252480158730158,0.11637854609929077,0.025966878375061363,0.15069066028473244
PNA,0.2722222222222222,0.015979609929078015,0.05311042587137947,0.11029547128129602,0.679265873015873,0.07094414893617021,0.03765226129111438,0.13317501227295042
SAGE,0.24340277777777777,0.0028368794326241132,0.04231168691703485,0.07877914825724104,0.7870535714285715,0.05957446808510638,0.026333916298478154,0.18694618311242023
