,CPP-CPU,CPP-CPU,PYG-CPU,PYG-CPU,PYG-GPU,PYG-GPU
,min,max,min,max,min,max
Model,,,,,,
gcn,1.747228435347701,2.1736785368038882,2.3590388328060836,7.401511034010365,2.820245276257747,9.259624498046168
gin,1.9056616280285954,2.158102811667815,1.6471992615416355,5.139160344071845,1.7747447731846588,5.718004808538278
pna,9.572408857330311,11.171620516999319,1.9736050183303624,5.417842257735578,1.9345196675340388,5.872684070279726
sage,4.175718946716845,4.717928478728842,1.937202204957698,5.941819548623934,2.3755069336794996,6.833948695974059
